date,bank_usdt,delta_pct,note
2026-08-06,30.00,0.0,старт проекта
2026-08-07,29.71,-1.0,день 1: 1/3
2026-08-08,30.65,+3.2,день 2: 8/12
2026-08-09,29.90,-1.6,день 3: 0/3
2026-08-10,30.10,+0.7,день 4: 1/1
2026-08-11,29.56,-1.8,день 5: 2/6 (пилот пропов 2/4)
2026-08-12,29.98,-1.4,день 6: 6W/5L (пропы 4/7; командные 2/4)
2026-08-13,29.82,-0.5,день 7: 2W/4L/1VOID
2026-08-14,CON-ATL,Howard points over 16.5,player_prop,1.76,0.15,WIN,0.264,+0.114,
2026-08-14,CON-ATL,Reese reb over 12.5,player_prop,1.84,0.15,WIN,0.276,+0.126,30.06
2026-08-14,NYL-LAS,Hamby points over 13.5,player_prop,1.75,0.15,WIN,0.2625,+0.1125,
2026-08-14,NYL-LAS,Ogwumike reb over 8.5,player_prop,2.00,0.10,WIN,0.20,+0.10,
2026-08-14,NYL-LAS,Stewart points under 22.5,player_prop,1.94,0.10,WIN,0.194,+0.094,30.37
2026-08-14,WAS-LVA,Young points over 20.5,player_prop,1.94,0.15,WIN,0.291,+0.141,
2026-08-14,WAS-LVA,Austin points over 17.5,player_prop,1.90,0.15,WIN,0.285,+0.135,30.65
